"distrito_id","distrito_nombre","region","nodo","categoria","departamento_id","departamento_nombre","domicilio_municipalidad","cod_postal","tel_cod_area","telefono_1","telefono_","email","web"
"1729","Aarón Castellanos",5,"Venado Tuerto","Comuna","17","General López","Sarmiento 1212 ","S6106XAE","3382","498010",498040,"comaaroncastellanos@arnet.com.ar",
"1613","Acebal",4,"Rosario","Comuna","16","Rosario","Asurmendi 665 ","S2109ABM","3469","420723",420020,"comunaacebal@ri.com.ar",
"0706","Aguará Grande",2,"Rafaela","Comuna","07","San Cristóbal","Zona urbana S/N",3071,"3492","470322",,"aguaragrande@myc-santafe.gov.ar",
"1621","Albarellos",4,"Rosario","Comuna","16","Rosario","Comercio 447 ","S2101AAG","3402","494042",494063,"comalbarellos@coopvgg.com.ar",
"1902","Alcorta",4,"Rosario","Comuna","19","Constitución","Sarmiento 284 ","S2117BPF","3465","470326",,"comunaalcorta@dat1.net.ar",
"1507","Aldao",4,"Rosario","Comuna","15","San Lorenzo","Lisandro de la Torre 205 ","S2214AFG","3476","482043",482038,"comunadealdao@gmail.com",
"0810","Aldao (Colonia)",2,"Rafaela","Comuna","08","Castellanos","Camino Aldao 085 ","S2317XAB","3491","483037",,"comunacolaldao@coopaldao.com.ar",
"0403","Alejandra",1,"Reconquista","Comuna","04","San Javier","Thomás Moore 1568 ",3051,"3405","492107",,"comunalej@csdnet.com.ar",
"1611","Álvarez",4,"Rosario","Comuna","16","Rosario","Moreno 861 ","S2107BEG","3402","461801",,"comalvarez@yahoo.com.ar",
"1609","Alvear",4,"Rosario","Comuna","16","Rosario","Carlos Pellegrini 2064 ","S2130AIN","341","4922109",4923280,"comunadealvear@v56.com.ar",
"0703","Ambrosetti",2,"Rafaela","Comuna","07","San Cristóbal","San Martín 527 ",2352,"3562","477112",,"comuna_ambrosetti@arnet.com.ar",
"1731","Amenábar",5,"Venado Tuerto","Comuna","17","General López","Quintana 515 ",6103,"3382","492251",,"comunaamenabar@hotmail.com",
"1405","Andino (Pueblo)",4,"Rosario","Comuna","14","Iriondo","Rivadavia 555 ","S2215ANI","3476","496100",496149,"comunadepuebloandino@yahoo.com.ar",
"0837","Angélica",2,"Rafaela","Comuna","08","Castellanos","9 de julio 104 ","S2303AAD","3493","492349",,"comunadeangelica@angcoop.com.ar",
"0614","Angeloni",3,"Santa Fe","Comuna","06","San Justo","Zona Rural ","S3048XAC","3471","471330",,"comangeloni@netbai.com.ar",
"1803","Arequito",4,"Rosario","Comuna","18","Caseros","Rivadavia 1585 ","S2183XAB","3464","471201",471106,"info@comunaarequito.gov.ar",
"1623","Arminda",4,"Rosario","Comuna","16","Rosario","Belgrano 659 ","S2119ABE","3469","493005",493083,"comunadearminda@alvarezcablehogar.com.ar",
"1306","Armstrong",4,"Rosario","Municipalidad","13","Belgrano","Bv. San Martín 1565 ",2508,"3471","461204",,"intendente@armstrong.gov.ar","www.armstrong.gov.ar"
"1110","Arocena",3,"Santa Fe","Comuna","11","San Jerónimo","Bv. Ledesma 646 ","S2242ACT","3471","450022",,"comunarocena@yahoo.com.ar",
"1008","Arroyo Aguiar",3,"Santa Fe","Comuna","10","La Capital","Av. San Martín 196 ","S3031AAO","342","4901001",4901032,"comunaarroyoaguiar@hotmail.com",
"0314","Arroyo Ceibal",1,"Reconquista","Comuna","03","General Obligado","Zona urbana S/N",3575,"3482","497087",,"comunaaceibal@ltnet.com.ar",
"1015","Arroyo Leyes",3,"Santa Fe","Comuna","10","La Capital","Ruta Provincial Nº 1 Km. 12,5 ","S3001XAP","342","4972083",4970054,"comunadearroyoleyes@yahoo.com.ar",
"1618","Arroyo Seco",4,"Rosario","Municipalidad","16","Rosario","Belgrano 502 ","S2128CDL","3402","426302",,"coordinacion@arroyoseco.gov.ar","www.arroyoseco.gov.ar"
"0711","Arrufó",2,"Rafaela","Comuna","07","San Cristóbal","15 de Noviembre 649 ","S2344ADM","3491","493374",493554,"comunaarrufo@cooparrufo.com.ar",
"1801","Arteaga",4,"Rosario","Comuna","18","Caseros","Santa Fe 272 ",2187,"3467","450191",450922,"info@arteaga.gob.ar",
"0812","Ataliva",2,"Rafaela","Comuna","08","Castellanos","Lavalle 34 ","S2307AWB","3491","496022",,"comunadeataliva@interclass.com.ar",
"0826","Aurelia",2,"Rafaela","Comuna","08","Castellanos","Guillermo Lehmann S/N ",2318,"3492","488020",488031,"comunadeaurelia@arnet.com.ar",
"0319","Avellaneda",1,"Reconquista","Municipalidad","03","General Obligado","Calle 13 Nº 492 ",3561,"3491","494108",,"sprivada@avellaneda.gov.ar","www.avellaneda.gov.ar"
"1115","Barrancas",3,"Santa Fe","Comuna","11","San Jerónimo","L.N. Alem 726 ","S2246BAL","3466","420482",420227,"comunabarrancas@yahoo.com.ar",
"0832","Bauer y Sigel",2,"Rafaela","Comuna","08","Castellanos","Belgrano S/N ","S2403XAA","3491","420220",,"comunabauerysigel@arnet.com.ar",
"0825","Bella Italia",2,"Rafaela","Comuna","08","Castellanos","Santa Fe 31 ",2301,"3492","497009",497077,"comunadebellaitalia@arnet.com.ar",
"1811","Berabevú",5,"Venado Tuerto","Comuna","18","Caseros","San Martín 157 ","S2639BHE","3465","494225",,"info@berabevu.gov.ar","www.berabevu.gov.ar"
"0322","Berna",1,"Reconquista","Comuna","03","General Obligado","San Martín S/N - Mza. Nº 28 ",3569,"3482","473069",,"comunadeberna@csdnet.com.ar",
"1113","Bernardo de Irigoyen",3,"Santa Fe","Comuna","11","San Jerónimo","Av. Sarmiento 593 ",2248,"3476","438900",,"combiri@cosmol.com.ar",
"0807","Bicha (Colonia)",2,"Rafaela","Comuna","08","Castellanos","Salta S/N ","S2317XAC","3406","440127",,"comunabicha@cooptacural.com.ar",
"1807","Bigand",4,"Rosario","Comuna","18","Caseros","Sarmiento 409 ","S2177BGG","3464","461607",461015,"comunadebigand@gmail.com",
"0816","Bigand (Colonia)",2,"Rafaela","Comuna","08","Castellanos","Zona Rural ","S2317XAD","3406","480090",,"comuna.bigand@interclass.com.ar",
"1901","Bombal",5,"Venado Tuerto","Comuna","19","Constitución","Islas Malvinas 399 ",2179,"3465","497028",,"comunabombal@gmail.com",
"1301","Bouquet",4,"Rosario","Comuna","13","Belgrano","Belgrano 480 ","S2523ACJ","3471","469299",496380,"comunadebouquet@gmail.com",
"1409","Bustinza",4,"Rosario","Comuna","14","Iriondo","Av. Camino de la Posta 393 ",2501,"3471","497031",97144,"comunabustinza@steelcdg.com.ar",
"1002","Cabal",3,"Santa Fe","Comuna","10","La Capital","Calle Pública S/N ","S3091AIA","3400","474435",,"comunacabal@yahoo.com.ar",
"0405","Cacique Ariacaiquín",3,"Santa Fe","Comuna","04","San Javier","Zona urbana S/N",3041,"341","5185712",,"comuna_cacique@hotmail.com",
"1701","Cafferata",5,"Venado Tuerto","Comuna","17","General López","San Martín 697 ",2643,"3468","498038",498301,"comuncaf@cooptelcaf.com.ar",
"0205","Calchaquí",1,"Reconquista","Municipalidad","02","Vera","Roque Sáenz Peña 1115 ","S3050BAI","3483","470960",470750,"municipiocalchaqui@hotmail.com",
"1004","Campo Andino",3,"Santa Fe","Comuna","10","La Capital","Av. Julio B. Oroño 417 ","S3021ACI","3382","498010",,"comunadecampoandino@gmail.com",
"0109","Campo Garay (Juan de Garay)",2,"Rafaela","Comuna","01","Nueve de Julio","Zona urbana S/N","S3066XAB","3493","425500",,"juandegaray@myc-santafe.gov.ar",
"1107","Campo Piaggio",3,"Santa Fe","Comuna","11","San Jerónimo","Zona urbana S/N","S2252XAA","3468","498038",,"comunadepiaggio@cablenettv.com.ar",
"1007","Candioti",3,"Santa Fe","Comuna","10","La Capital","Belgrano 1055 ","S2469AFK","3462","493017",,"comuna_candioti@arnet.com.ar",
"1410","Cañada de Gómez",4,"Rosario","Municipalidad","14","Iriondo","Ocampo 920 ",2500,"3471","422008",422138,"intendencia@mcg.gov.ar","www.mcg.gov.ar"
"1705","Cañada del Ucle",5,"Venado Tuerto","Comuna","17","General López","Rivadavia 769 ","S2635AJO","3465","492240",,"comunadelucle@coopucle.com.ar",
"0208","Cañada Ombú",1,"Reconquista","Comuna","02","Vera","Zona urbana S/N","S3551XAL","3482","490720",,,
"1911","Cañada Rica",4,"Rosario","Comuna","19","Constitución","Ricardo Güiraldes 96 ",2105,"3460","499151",499155,"cdarica@ri.com.ar",
"1206","Cañada Rosquín",4,"Rosario","Comuna","12","San Martín","Simón de Iriondo 786 ",2454,"3401","470143",470188,"ccrosquin@velosat.com.ar",
"1505","Capitán Bermúdez",4,"Rosario","Municipalidad","15","San Lorenzo","Presidente Perón 186 ","S2154BID","341","4788888",,"mcb@netcoop.com.ar","www.capitanbermudez.gov.ar"
"0718","Capivara",2,"Rafaela","Comuna","07","San Cristóbal","Zona urbana S/N","S2311XAF","3491","472817",,"capivara@myc-santafe.gov.ar",
"1509","Carcarañá",4,"Rosario","Municipalidad","15","San Lorenzo","Av. Belgrano 1315 ","S2138AFL","341","4943050",4943057,"intendencia@carcarania.gov.ar","www.carcarania.gov.ar"
"1211","Carlos Pellegrini",4,"Rosario","Comuna","12","San Martín","San Martín 901 ","S2453ATM","3401","480065",480321,"carlospellegrini@santafe.gov.ar",
"1711","Carmen",5,"Venado Tuerto","Comuna","17","General López","San Martín 512 ",2618,"3462","493017",493030,"carmen@enredes.com.ar",
"1614","Carmen del Sauce",4,"Rosario","Comuna","16","Rosario","Urquiza 310 ",2109,"3469","420073",,"comunacarmendelsauce@ri.com.ar",
"1708","Carreras",5,"Venado Tuerto","Comuna","17","General López","Garibaldi 721 ","S2729AJK","3465","490106",490388,"carreras@municipiocarreras.gov.ar",
"1403","Carrizales",4,"Rosario","Comuna","14","Iriondo","Mitre 608 ","S2218XAA","3476","497011",497240,"infocomunacarrizales@gmail.com",
"1114","Casalegno",3,"Santa Fe","Comuna","11","San Jerónimo","Mitre S / N ","S2248XAA","3465","490106",,"comcasa@cosmol.com.ar",
"1212","Casas",4,"Rosario","Comuna","12","San Martín","Gral. López 360 ",2148,"3401","494109",,"comunacasas@arnet.com.ar",
"1805","Casilda",4,"Rosario","Municipalidad","18","Caseros","Casado 2090 ","S2170BYV","3464","422211",422212,"despacho@casilda.gov.ar","www.casilda.gov.ar"
"1201","Castelar",2,"Rafaela","Comuna","12","San Martín","San Martín y Belgrano ",2401,"342","4901001",,"comunadecastelar@yahoo.com.ar",
"0822","Castellanos (Colonia)",2,"Rafaela","Comuna","08","Castellanos","25 de Mayo 86 ",2310,"342","4972083",,"comunacastellanos@mmcdigital.com.ar",
"0917","Cavour (Colonia)",3,"Santa Fe","Comuna","09","Las Colonias","9 de Julio S/N ",3081,"3468","481221",,"comunadecavour@yahoo.com.ar",
"0502","Cayastá",3,"Santa Fe","Comuna","05","Garay","Juan de Garay esq. Conde de Tessieres ","S3001AJA","3462","494022",,"comuna@cayasta.gov.ar",
"0617","Cayastacito",3,"Santa Fe","Comuna","06","San Justo","9 de Julio 533 ","S3038ACA","3497","486001",486044,"comunacayastacito@chsistemas.com.ar",
"1122","Centeno",4,"Rosario","Comuna","11","San Jerónimo","Bv. Fernando Centeno 1108 ",2148,"3401","498210",,"comunadecenteno@redcrs.com.ar",
"1908","Cepeda",4,"Rosario","Comuna","19","Constitución","Cándido Colaso 193 ","S2118ABA","3460","491855",,"comuna_cepeda@hotmail.com",
"0701","Ceres",2,"Rafaela","Municipalidad","07","San Cristóbal","Av. Italia y H. Irigoyen ",2340,"3491","420220",420225,,"www.municipalidadceres.com.ar"
"1808","Chabás",4,"Rosario","Comuna","18","Caseros","Rosario 1705 ",2173,"3464","480240",,"presidenciachabas@gmail.com",
"1812","Chañar Ladeado",5,"Venado Tuerto","Comuna","18","Caseros","José Foresto 499 ",2643,"3468","481221",481256,"chladeado@futurnet.com.ar",
"1712","Chapuy",5,"Venado Tuerto","Comuna","17","General López","Av. La Plata 239 ",2603,"3462","494022",494032,"comunachapuy@enredes.com.ar",
"1704","Chovet",5,"Venado Tuerto","Comuna","17","General López","Sarmiento 589 ",2633,"3465","493105",493332,"comunachovet@hotmail.com",
"1725","Christophersen (Colonia)",5,"Venado Tuerto","Comuna","17","General López","Sarmiento S/N ",2611,"3462","485019",485097,"comunachristophersen@sangregorio.com.ar",
"1401","Clason",4,"Rosario","Comuna","14","Iriondo","Santa Fe 697 ",2146,"3471","499099",499910,"presidencia@comunadeclason.gob.ar",
"0835","Clucellas (Plaza)",2,"Rafaela","Comuna","08","Castellanos","Pbtro. Antonio Bonini 101 ",2407,"3492","499013",499132,"comunaclucellas@hotmail.com",
"0713","Colonia Ana",2,"Rafaela","Comuna","07","San Cristóbal","Zona Rural ","S2345XAB","3562","466713",465580,"comcolana@sanguillermo.com.ar",
"1205","Colonia Belgrano",4,"Rosario","Comuna","12","San Martín","San Martín 802 ","S2257ALH","3404","496328",,"comunacoloniabelgranol@yahoo.com.ar",
"0729","Colonia Bossi",2,"Rafaela","Comuna","07","San Cristóbal","Irico Pussetto 145 ",2326,"3409","420480",,"comunacolbossi@cooptacural.com.ar",
"0834","Colonia Cello",2,"Rafaela","Comuna","08","Castellanos","Av. Las Casuarinas 761 ","S2405XAA","3466","496118",,"comunacolcello@hotmail.com.ar",
"0618","Colonia Dolores",3,"Santa Fe","Comuna","06","San Justo","Zona Rural ","S3045XAE","3462","485019",,"comunacoloniadolores@lenet.com.ar",
"0728","Colonia Dos Rosas y La Legua",2,"Rafaela","Comuna","07","San Cristóbal","San Martín 14 ",2349,"3562","478229",476229,"comunadosrosasylalegua@yahoo.com.ar",
"0402","Colonia Durán",1,"Reconquista","Comuna","04","San Javier","Zona urbana S/N","S3553XAB","3482","456721",,"comunaduran@gmail.com",
"0836","Colonia Iturraspe",2,"Rafaela","Comuna","08","Castellanos","Zona Rural ",2407,"3496","491028",,"coloniaiturraspe@mmcdigital.com.ar",
"0505","Colonia Mascías",3,"Santa Fe","Comuna","05","Garay","Zona urbana S/N",3001,"3462","470002",,"coloniamascias@myc-santafe.gov.ar",
"0804","Colonia Raquel",2,"Rafaela","Comuna","08","Castellanos","Sylvestre Begnis 85 ","S2322XAB","342","4930124",,"comunaraquel@hotmail.com",
"0715","Colonia Rosa",2,"Rafaela","Comuna","07","San Cristóbal","Juan Giordano 338 ","S2351AGA","3562","465006",465051,"comcolrosa@sanguillermo.com.ar",
"0608","Colonia Silva",3,"Santa Fe","Comuna","06","San Justo","30 de Junio S/N ","S3042XAC","2473","491001",,"comunadesilva@lenet.com.ar",
"0408","Colonia Teresa",3,"Santa Fe","Comuna","04","San Javier","Ruta Provincial Nº 1 - Zona Urbana ",3005,"3465","495257",,"comunacoloniateresa@hotmail.com",
"0723","Constanza",2,"Rafaela","Comuna","07","San Cristóbal","Zona urbana S/N",2311,"3498","472000",,"comunaconstanza@secchiservicios.com.ar",
"1105","Coronda",3,"Santa Fe","Municipalidad","11","San Jerónimo","Sarmiento 1818 ","S2240CGP","342","4910315",4910770,"municipalidad@coronda.gov.ar","www.coronda.gov.ar"
"1513","Coronel Arnold",4,"Rosario","Comuna","15","San Lorenzo","9 de Julio 632 ","S2131ACB","341","4902228",,"info@coronelarnold.gob.ar",
"1620","Coronel Bogado",4,"Rosario","Comuna","16","Rosario","Belgrano 689 ","S2103ACM","3402","491584",491210,"combog@coopvgg.com.ar",
"1615","Coronel Domínguez",4,"Rosario","Comuna","16","Rosario","Santa Clara 215 ","S2114APE","3402","493016",493076,"coroneldominguez@myc-santafe.gov.ar",
"0820","Coronel Fraga",2,"Rafaela","Comuna","08","Castellanos","Av. San Martín 349 ","S2301XAB","3498","495359",,"cnelfraga@arnet.com.ar",
"1411","Correa",4,"Rosario","Comuna","14","Iriondo","Rivadavia 1218 ",2506,"3471","492001",492333,"comunadecorrea@gmail.com",
"1202","Crispi",2,"Rafaela","Comuna","12","San Martín","Piamonte 492 ",2441,"3497","420029",,"comunacrispi@gmail.com",
"0915","Cululú",3,"Santa Fe","Comuna","09","Las Colonias","Calle Pública S/N ","S3023XAE","3382","492035",,"comunacululu@arnet.com.ar",
"0717","Curupaity",2,"Rafaela","Comuna","07","San Cristóbal","San Martín S/N ",2342,"342","4904052",,"comunacurupaity@gmail.com",
"1104","Desvío Arijón",3,"Santa Fe","Comuna","11","San Jerónimo","Av. José Arijón y Belgrano ",2242,"342","4900163",4900180,"comunadesvioarijon@hotmail.com",
"1119","Díaz",3,"Santa Fe","Comuna","11","San Jerónimo","Av. Santa Fe 650 ","S2222AET","3466","496118",496130,"comunadiaz@coopdiaz.com.ar",
"1730","Diego de Alvear",5,"Venado Tuerto","Comuna","17","General López","Italia 301 ",6036,"3382","493004",,"comunada@dalvear.com.ar",
"0815","Egusquiza",2,"Rafaela","Comuna","08","Castellanos","Av. San Martín S/N ","S2319AEA","3492","484512",484560,"comunaegusquiza@interclass.com.ar",
"0321","El Arazá",1,"Reconquista","Comuna","03","General Obligado","Presb. Antonio Pregolesi 960 ","S3563XAB","3482","490158",,"comunaelaraza@csdnet.com.ar",
"0303","El Rabón",1,"Reconquista","Comuna","03","General Obligado","Zona urbana S/N","S3592XAB","3482","492845",,"comunaelrabon@hotmail.com",
"0313","El Sombrerito",1,"Reconquista","Comuna","03","General Obligado","Zona urbana S/N","S3585XAE","3482","466168",493993,"comunaelsombrerito@yahoo.com.ar",
"1215","El Trébol",4,"Rosario","Municipalidad","12","San Martín","Bv. América 1091 ",2535,"3401","422181",422271,"muntrebol@eltrebol.gov.ar","www.eltrebol.gov.ar"
"0901","Elisa",3,"Santa Fe","Comuna","09","Las Colonias","Bv. San Francisco 401 ",3029,"3498","499098",499043,"comunaelisa@hotmail.com.ar",
"1710","Elortondo",5,"Venado Tuerto","Comuna","17","General López","25 de Mayo 777 ","S2732AAM","3462","470002",470130,"comunaelortondo@comunadeelortondo.arnetbiz.com.ar",
"1001","Emilia",3,"Santa Fe","Comuna","10","La Capital","Brigadier Estanislao López 314 ","S3092ABA","3462","441246",,"comunaemilia@sanjustosf.com.ar",
"0927","Empalme San Carlos",3,"Santa Fe","Comuna","09","Las Colonias","Calle Pública S/N ","S3007XAB","3462","482010",,"comunaempalmesancarlos@hotmail.com",
"1916","Empalme Villa Constitución",4,"Rosario","Comuna","19","Constitución","Hipólito Yrigoyen 112/114 ",2918,"3400","493160",493260,"comunaevc@cablenet.com.ar",
"0842","Esmeralda",2,"Rafaela","Comuna","08","Castellanos","Av. Centenario 399 ",2456,"3497","488193",,"comunadeesmeralda@mmcdigital.com.ar",
"0916","Esperanza",3,"Santa Fe","Municipalidad","09","Las Colonias","Aaron Castellanos 1543 ","S3080ASY","3496","420009",420017,"muniespe@esperanza.gov.ar","Sitio Web:www.municipalidad.esperanza.gov.ar"
"0838","Estación Clucellas",2,"Rafaela","Comuna","08","Castellanos","Paraná 1205 ",2408,"3492","495169",495002,"estacionclucellas@mmcdigital.com.ar",
"0107","Esteban Rams",2,"Rafaela","Comuna","01","Nueve de Julio","Lisandro de la Torre S/N ",3066,"342","4907017",,"comuna_estebanrams@hotmail.com",
"0616","Esther (Colonia)",3,"Santa Fe","Comuna","06","San Justo","Zona urbana S/N","S3036XAE","3382","470040",,"comunacoloniaesther@hotmail.com",
"0808","Eusebia",2,"Rafaela","Comuna","08","Castellanos","San Martín y Estanislao López ",2317,"3493","493269",493218,"comunadeeusebia@interclass.com.ar",
"0839","Eustolia",2,"Rafaela","Comuna","08","Castellanos","Zona urbana S/N","S2407XAE","3404","420189",,"comunaeustolia@sme.com.ar",
"0912","Felicia",3,"Santa Fe","Comuna","09","Las Colonias","Dr. Belotti 247 ","S3087AFE","3496","491028",491048,"comunadefelicia@gmail.com",
"0817","Fidela (Colonia)",2,"Rafaela","Comuna","08","Castellanos","Zona Rural Fidela ","S2301XAC","3404","495017",,"fidela@coopra.com.ar",
"1619","Fighiera",4,"Rosario","Comuna","16","Rosario","Andrade 625 ","S2126AFG","3402","471182",,"secretariacomuna@gmail.com.ar",
"1706","Firmat",5,"Venado Tuerto","Municipalidad","17","General López","Paseo Ntra. Sra. de la Merced 1096 ",2630,"3465","420696",,"municipalidad@firmat.gov.ar","www.firmat.gov.ar"
"0302","Florencia",1,"Reconquista","Comuna","03","General Obligado","San Martín 615 ",3516,"3482","491346",491105,"comunadeflorencia@ltnet.com.ar",
"0207","Fortín Olmos",1,"Reconquista","Comuna","02","Vera","Av. Perón e Hipólito Irigoyen ",3553,"3483","492190",492132,"comunadefortinolmos@gmail.com",
"0926","Franck",3,"Santa Fe","Comuna","09","Las Colonias","San Martín 1986 ","S3009BDR","342","4930124",4930408,"comuna@franck.gob.ar",
"1504","Fray Luis Beltrán",4,"Rosario","Municipalidad","15","San Lorenzo","Presidente Perón 001 ","S2156DEA","341","4916012",4916305,"prensa@frayluisbeltran.gov.ar","www.frayluisbeltran.gov.ar"
"0841","Frontera",2,"Rafaela","Municipalidad","08","Castellanos","Calle 1 Nº 1015 ","S2438AEU","3564","434949",423333,"privada-mfrontera@arnet.com.ar",
"1514","Fuentes",4,"Rosario","Comuna","15","San Lorenzo","25 de Mayo 461 ","S2123AAI","3464","493410",493510,"comfuen@dat1.net.ar",
"1604","Funes",4,"Rosario","Municipalidad","16","Rosario","Av. Santa Fe 1689 ","S2132AUC","341","4931234",4936000,"funes@myc-santafe.gov.ar","www.funes.gov.ar"
"1117","Gaboto",3,"Santa Fe","Comuna","11","San Jerónimo","Bustinza y Gómez ",2208,"3476","488020",488319,"comunadegaboto_04@yahoo.com",
"0813","Galisteo",2,"Rafaela","Comuna","08","Castellanos","Zona urbana S/N","S2307XAB","3404","460251",,"comunagalisteo@yahoo.com.ar",
"1108","Gálvez",3,"Santa Fe","Municipalidad","11","San Jerónimo","Presidente Perón 750 ","S2252HID","3404","481127",481130,"municip@galvez.gov.ar","www.galvez.gov.ar"
"0211","Garabato",1,"Reconquista","Comuna","02","Vera","San Martín S/N entre J. D. Perón y 25 de Mayo ","S3551XAS","3482","490303",,"comunadegarabato@hotmail.com",
"0843","Garibaldi",2,"Rafaela","Comuna","08","Castellanos","San Martín 399 ","S2443XAB","3404","452015",,"comunagaribaldi@coopmj.com.ar",
"0102","Gato Colorado",2,"Rafaela","Comuna","01","Nueve de Julio","Ernesto Gronda S/N ",3541,"3498","471023",,"comunagc@gmail.com",
"1912","General Gelly",4,"Rosario","Comuna","19","Constitución","Francisco Elizalde 529 ",2701,"2477","490099",,"comunagelly@coopgelly.com.ar",
"1617","General Lagos",4,"Rosario","Comuna","16","Rosario","San Martín 261 ","S2127BFE","3402","490022",,"mesa-entrada@cglagos.gob.ar",
"1102","Gessler",3,"Santa Fe","Comuna","11","San Jerónimo","Presb. Domingo Nardi 1124 ",2253,"3462","450201",,"comunagessler@arcanetsa.com.ar",
"0607","Gobernador Crespo",3,"Santa Fe","Comuna","06","San Justo","Av. San Martín 198 ","S3044AEO","3498","480264",,"comunagobernadorcrespo@yahoo.com.ar",
"1813","Gödekén",5,"Venado Tuerto","Comuna","18","Caseros","Calle 13 Nº 550 ","S2640AIL","3465","498127",,"cgodeken@futurnet.com.ar",
"1914","Godoy",4,"Rosario","Comuna","19","Constitución","Mitre 751 ","S2921AKG","3460","497020",,"comunadegodoy@lanttel.com.ar",
"0209","Golondrina",1,"Reconquista","Comuna","02","Vera","Zona urbana S/N","S3551XAJ","3482","496200",,"golondrinastafe@hotmail.com",
"1602","Granadero Baigorria",4,"Rosario","Municipalidad","16","Rosario","Chacabuco 1050 ","S2152FLD","341","4712806",,"secintendencia@mungb.gov.ar","www.baigorria.gov.ar"
"0101","Gregoria Pérez de Denis",2,"Rafaela","Comuna","01","Nueve de Julio","Av. General Pueyrredón S/N ",3061,"3491","484032",484176,"comunagpdedenis@hotmail.com",
"0913","Grutly",3,"Santa Fe","Comuna","09","Las Colonias","E. Vollenweider S/N ","S3083AAA","3496","492506",,"cgrutly@mevran.com.ar",
"0327","Guadalupe Norte",1,"Reconquista","Comuna","03","General Obligado","Calle 9 S/N ","S3574XAB","3482","494292",,"comunagn@trcnet.com.ar",
"0501","Helvecia",3,"Santa Fe","Comuna","05","Garay","Dr. Romang 192 ",3003,"3405","470160",,"comunahelvecia@garaynet.com.ar",
"0702","Hersilia",2,"Rafaela","Comuna","07","San Cristóbal","Roque Saénz Peña 447 ",2352,"3491","494108",494500,"comunahersilia@gmail.com",
"0910","Hipatia",3,"Santa Fe","Comuna","09","Las Colonias","Sarmiento S/N ",3023,"3497","488216",,"comunadehipatia@hotmail.com",
"0704","Huanqueros",2,"Rafaela","Comuna","07","San Cristóbal","Santa Fe S / N ",3076,"342","4950409",,"comunadehuanqueros@inthersil.com.ar",
"0809","Hugentobler (Colonia)",2,"Rafaela","Comuna","08","Castellanos","9 de Julio S/N ","S2317XAE","342","4910315",,"colhugentobler@coopaldao.com.ar",
"1720","Hughes",5,"Venado Tuerto","Comuna","17","General López","Ministro Félix Pagani 243 ",2725,"2473","491001",491216,"presidencia@comunadehughes.gob.ar",
"0803","Humberto Primo",2,"Rafaela","Comuna","08","Castellanos","Córdoba 136 ",2309,"3496","420009",,"presidenciahumberto@secchiservicios.com.ar",
"0918","Humboldt",3,"Santa Fe","Comuna","09","Las Colonias","Av. San Martín 1604 ","S3081ARN","3496","480089",,"comunadehumboldt@arnet.com.ar",
"1601","Ibarlucea",4,"Rosario","Comuna","16","Rosario","San Martín 1001 ","S2143ATL","341","4904028",4904687,"comunadeibarlucea@gmail.com",
"0312","Ingeniero Chanourdie",1,"Reconquista","Comuna","03","General Obligado","Zona urbana S/N","S3575XAB","3482","475049",,"ichanourdie@vocampo.com.ar",
"0210","Intiyaco",1,"Reconquista","Comuna","02","Vera","9 de Julio S/N ",3551,"3482","490303",490369,"comunaintiyaco@yahoo.com.ar",
"1112","Irigoyen (Pueblo)",3,"Santa Fe","Comuna","11","San Jerónimo","Belgrano 550 ","S2249AFS","3466","491011",,"comunairigoyen@cablenet.com.ar",
"0904","Ituzaingó",3,"Santa Fe","Comuna","09","Las Colonias","Zona Rural ","S2311XAE","3497","495712",,"comunacolituzaingo@secchiservicios.com",
"0902","Jacinto L. Aráuz",3,"Santa Fe","Comuna","09","Las Colonias","Zona Rural ","S3029XAB","3497","495713",,"comunadearauz@netbai.com.ar",
"0833","Josefina",2,"Rafaela","Comuna","08","Castellanos","25 de Mayo 602 ",2403,"3492","469075",469067,"comunadejosefina@arnet.com.ar",
"1913","Juan B. Molina",4,"Rosario","Comuna","19","Constitución","Ameghino 340 ",2104,"3460","498510",,"comunajbmolina@coopjbmolina.com.ar",
"1903","Juncal",4,"Rosario","Comuna","19","Constitución","Belgrano 226 ",2723,"2473","492279",492392,"comunadejuncal@icpaz.com",
"0406","La Brava",3,"Santa Fe","Comuna","04","San Javier","Malvinas Argentinas S/N ","S3045XAC","3405","494012",,"comunalabrava@hotmail.com",
"0732","La Cabral",2,"Rafaela","Comuna","07","San Cristóbal","Zona urbana S/N",3074,"342","4940198",,"comunacabral@gmail.com",
"0602","La Camila",3,"Santa Fe","Comuna","06","San Justo","Zona Rural ","S3054XAB","3498","472000",472013,"prescomunalacamila@coopvelac.com.ar",
"1702","La Chispa",5,"Venado Tuerto","Comuna","17","General López","Santa Fe 88 ",2601,"3462","487061",,"comunadelachispa@arnet.com.ar",
"0721","La Clara (Colonia)",2,"Rafaela","Comuna","07","San Cristóbal","Zona Rural ","S3025XAB","3404","420677",,"comunalaclara@netbai.com.ar",
"0605","La Criolla",3,"Santa Fe","Comuna","06","San Justo","Av. Estanislao López 399 ",3052,"3498","495359",495214,"comunalacriolla@hotmail.com",
"0203","La Gallareta",1,"Reconquista","Comuna","02","Vera","Rivadavia y Belgrano ",3057,"3482","492149",,"secretaria@lagallareta.com",
"0720","La Lucila",2,"Rafaela","Comuna","07","San Cristóbal","Zona urbana S/N","S3072XAC","3405","420434",,"comunadelalucila@hotmail.com",
"0903","La Pelada",3,"Santa Fe","Comuna","09","Las Colonias","9 de Julio y Belgrano ",3027,"3497","495001",,"clapelada@hotmail.com",
"0606","La Penca y Caraguatá",3,"Santa Fe","Comuna","06","San Justo","Zona urbana S/N","S3045XAF","3498","491020",,"lapenca@lenet.com.ar",
"0712","La Rubia",2,"Rafaela","Comuna","07","San Cristóbal","Rivadavia 125 ",2342,"3498","429066",,"comunadelarubia@hotmail.com",
"0326","La Sarita",1,"Reconquista","Comuna","03","General Obligado","Av. Padre Pergolesi S/N ","S3563XAF","3482","454021",,"comunalasarita@csdnet.com.ar",
"1907","La Vanguardia",4,"Rosario","Comuna","19","Constitución","Rosario de Santa Fe 295 ",2105,"3460","493078",,"comunalavanguardia@ri.com.ar",
"1721","Labordeboy",5,"Venado Tuerto","Comuna","17","General López","El Gaucho 133 ","S2726AHC","3465","495257",495431,"comunalabordeboy@cooplab.com.ar",
"1005","Laguna Paiva",3,"Santa Fe","Municipalidad","10","La Capital","Av. San Martín 1173 ","S3020AIB","342","4940198",4940342,"gobiernolp@hotmail.com","www.lagunapaivaweb.com.ar"
"1210","Landeta",4,"Rosario","Comuna","12","San Martín","Belgrano 152 ","S2531AHD","3406","497253",,"comunalandeta@cotelan.com.ar",
"0316","Lanteri",1,"Reconquista","Comuna","03","General Obligado","Sarmiento S/N ",3575,"3483","420717",,"clanteri@trcnet.com.ar",
"1103","Larrechea",3,"Santa Fe","Comuna","11","San Jerónimo","Urquiza y Mariano Leiva ","S2241ARA","3404","499023",,"comunalarrechea@fg-computacion.com",
"0705","Las Avispas",2,"Rafaela","Comuna","07","San Cristóbal","Zona urbana S/N","S3074XAD","342","4571696",,"comunalasavispas@gmail.com",
"1213","Las Bandurrias",4,"Rosario","Comuna","12","San Martín","25 de Mayo y San Martín ",2148,"3401","421636",,"comunadelasbandurrias@hotmail.com",
"0315","Las Garzas",1,"Reconquista","Comuna","03","General Obligado","General López S/N ",3574,"3482","466300",,"lgarzas@trcnet.com.ar",
"0730","Las Palmeras",2,"Rafaela","Comuna","07","San Cristóbal","Córdoba S / N ","S2326XAD","342","4744007",,"laspalmeras@interclass.com.ar",
"1303","Las Parejas",4,"Rosario","Municipalidad","13","Belgrano","Calle 14 Nº 961 ",2505,"3471","471330",471217,"secretariaprivada@lasparejas.gov.ar","www.lasparejas.gov.ar"
"1209","Las Petacas",2,"Rafaela","Comuna","12","San Martín","Calle 11 N° 539 ","S2451ACK","3406","494210",494033,"comunalaspetacas@trynet.com.ar",
"1302","Las Rosas",4,"Rosario","Municipalidad","13","Belgrano","San Martín 483 ",2520,"3471","450022",451001,"gobierno@lasrosas.gov.ar","www.lasrosas.gov.ar"
"0305","Las Toscas",1,"Reconquista","Municipalidad","03","General Obligado","Calle 12 Nº 901 ","S3586AES","3482","492149",492279,"gobierno@ltoscas.com.ar",
"0924","Las Tunas",3,"Santa Fe","Comuna","09","Las Colonias","San Roque S/N ",3009,"342","4992003",,"comunalastunasa@sjncable.com.ar",
"1728","Lazzarino",5,"Venado Tuerto","Comuna","17","General López","Calle Pública S/N - Zona Urbana ","S6103XAD","3382","492035",492317,"comunadelazzarino@gmail.com",
"0814","Lehmann",2,"Rafaela","Comuna","08","Castellanos","Guillermo Botto 171 ",2305,"3492","480238",480007,"comunalehmann@wilnet.com.ar",
"1003","Llambi Campbell",3,"Santa Fe","Comuna","10","La Capital","Dr. Tagliari 310 ","S3036AFH","3497","420029",420394,"llambi@arnet.com.ar",
"0106","Logroño",2,"Rafaela","Comuna","01","Nueve de Julio","Cortada Miguel Manassero S/N ",3066,"3476","482043",,"comunadelogro@arnet.com.ar",
"1106","Loma Alta (Villa Tramontina)",3,"Santa Fe","Comuna","11","San Jerónimo","Ricardo Ceratto S/N ",2253,"3404","457019",,"comunalomaalta@cablenet.com.ar",
"1101","López",3,"Santa Fe","Comuna","11","San Jerónimo","Corrientes 1497 ",2255,"3404","498125",,"comunadelopez@cablenettv.com.ar",
"0212","Los Amores",1,"Reconquista","Comuna","02","Vera","Zona urbana S/N","S3551XAT","3491","493374",,"comunalosamores@hotmail.com",
"1214","Los Cardos",4,"Rosario","Comuna","12","San Martín","Pasaje .L. M. de la Vega 387 ",2533,"3401","497031",497535,"comunaloscardos@yahoo.com.ar",
"0324","Los Laureles",1,"Reconquista","Comuna","03","General Obligado","Calle 9 Nº 94 ",3567,"3492","488020",,"comunaloslaureles@malabrigo.com",
"1804","Los Molinos",4,"Rosario","Comuna","18","Caseros","Bv. Nuestra Sra. del Rosario 210 ",2181,"3464","495058",495106,"comunalosmolinos@dat1.net.ar",
"1810","Los Quirquinchos",5,"Venado Tuerto","Comuna","18","Caseros","San Martín 274 ","S2637APF","3465","496076",496035,"comunalq@lqq6.com.ar",
"1407","Lucio V. López",4,"Rosario","Comuna","14","Iriondo","Av. San Martín 343 ",2142,"3476","491091",491031,"comunalvlopez@yahoo.com.ar",
"1508","Luis Palacios",4,"Rosario","Comuna","15","San Lorenzo","Facundo Quiroga y Manuel de Estrada ","S2142XAC","3476","499121",,"comunadeluispalacios@vaynet.com.ar",
"1118","Maciel",3,"Santa Fe","Comuna","11","San Jerónimo","Mendoza 399 ","S2209AVC","3476","470667",,"comunademaciel@yahoo.com.ar",
"1715","Maggiolo",5,"Venado Tuerto","Comuna","17","General López","Padre Badía 408 ",2622,"3462","492021",492168,"comaggiolo@enredes.com.ar",
"0323","Malabrigo",1,"Reconquista","Municipalidad","03","General Obligado","Av. Federico C. Sigel 798 ",3572,"3482","454021",454470,"muni.gobierno@malabrigo.com","www.malabrigo.gov.ar"
"0609","Marcelino Escalada",3,"Santa Fe","Comuna","06","San Justo","Sarmiento 488 ",3042,"3498","493034",,"comunaescalada@sanjustosf.com.ar",
"0204","Margarita",1,"Reconquista","Comuna","02","Vera","Belgrano 1678 ",3056,"3492","497009",498486,"comuna@cosemar.com.ar",
"0845","Margarita (Colonia)",2,"Rafaela","Comuna","08","Castellanos","Zona urbana S/N","S2443XAA","341","4922109",,"comunacolmar@sme.com.ar",
"0844","María Juana",2,"Rafaela","Comuna","08","Castellanos","Bartolomé Mitre 580 ","S2445AEL","3406","471113",471491,"comunamj@coopmj.com.ar",
"0907","María Luisa",3,"Santa Fe","Comuna","09","Las Colonias","Malvinas Argentinas 457 ",3025,"3497","496108",,"comunamarialuisa@gmail.com",
"1217","María Susana",4,"Rosario","Comuna","12","San Martín","Colón 824 ","S2527BDD","3401","466224",466657,"cmsusana@redcrs.com.ar",
"1717","María Teresa",5,"Venado Tuerto","Comuna","17","General López","Calle Tres Nº 235 ",2609,"3462","480003",,"comunamt@enredes.com.ar",
"0936","Matilde",3,"Santa Fe","Comuna","09","Las Colonias","Santa Fe 616 ","S3013XAD","342","4993040",,"comunadematilde@arnet.com.ar",
"0802","Mauá (Colonia)",2,"Rafaela","Comuna","08","Castellanos","Barón de Mauá 50 ","S2311XAA","3464","471201",,"comunamaua@gmail.com",
"1904","Máximo Paz",4,"Rosario","Comuna","19","Constitución","Maipú 855 ","S2115AXG","3460","496005",,"comunampaz@yahoo.com.ar",
"1709","Melincué",5,"Venado Tuerto","Comuna","17","General López","San Lorenzo 579 ",2728,"3465","499521",499522,"comunademelincue-gr@hotmail.com",
"1707","Miguel Torres (Pueblo)",5,"Venado Tuerto","Comuna","17","General López","San Miguel y Juana B. De Torres ","S2631AFA","3465","425810",,"comunatorres@enredes.com.ar",
"0724","Moisés Ville",2,"Rafaela","Comuna","07","San Cristóbal","San Martín 335 ",2313,"3469","493005",,"cmoisesville@gmail.com",
"0725","Monigotes",2,"Rafaela","Comuna","07","San Cristóbal","Av. De los Inmigrantes 385 ",2342,"3467","450191",,"comunamonigotes@hotmail.com",
"1116","Monje",3,"Santa Fe","Comuna","11","San Jerónimo","San Martín 367 ","S2212AQE","3466","498027",,"comumoj@cosmol.com.ar",
"0727","Monte Obscuridad",2,"Rafaela","Comuna","07","San Cristóbal","Zona Rural ","S2349XAB","3464","461607",,"comunamonteos@suardi.com.ar",
"1009","Monte Vera",3,"Santa Fe","Comuna","10","La Capital","Av. San Martín 6190 ","S3030ABQ","342","4904052",4904067,"administracion@montevera.gob.ar",
"0108","Montefiore",2,"Rafaela","Comuna","01","Nueve de Julio","Av. Dr. Luis Doungre S/N ",2340,"3471","469299",,"comunademontefiore@interceres.com.ar",
"1304","Montes de Oca",4,"Rosario","Comuna","13","Belgrano","San Martín 624 ","S2521ASL","3471","495072",495474,"comunademontesdeoca@hotmail.com.ar",
"1703","Murphy",5,"Venado Tuerto","Comuna","17","General López","San Martín 342 ",2601,"3462","441246",441668,"comurphy@enredes.com.ar",
"0612","Naré",3,"Santa Fe","Comuna","06","San Justo","Calle Pública S/N ","S3046XAH","3498","494002",,"comunadenare@yahoo.com.ar",
"1006","Nelson",3,"Santa Fe","Comuna","10","La Capital","25 de Mayo 1087 ","S3032ACU","342","4902030",,"comunanelson@mccnelson.com.ar",
"0328","Nicanor Molinas",1,"Reconquista","Comuna","03","General Obligado","Antonio Pergolesi S/N ","S3563XAD","3492","499013",,"nmcomuna@csdnet.com.ar",
"0919","Nuevo Torino",3,"Santa Fe","Comuna","09","Las Colonias","Cristian Claus 557 ",3088,"3496","494516",,"comunanuevotorino@hotmail.com",
"0719","Ñanducita",2,"Rafaela","Comuna","07","San Cristóbal","Zona urbana S/N","S3072XAB","3471","497031",,,
"1404","Oliveros",4,"Rosario","Comuna","14","Iriondo","Buenos Aires 395 ","S2206AKE","3476","498990",,"comunadeoliveros@yahoo.com",
"0731","Palacios",2,"Rafaela","Comuna","07","San Cristóbal","Zadoc Kahn e Independencia ",2326,"3460","499151",,"comunadepalacios@gmail.com",
"1919","Pavón",4,"Rosario","Comuna","19","Constitución","Santa Fe 206 ","S2920BMD","3400","490148",,"comunadepavon@hotmail.com",
"1905","Pavón Arriba",4,"Rosario","Comuna","19","Constitución","Independencia 922 ","S2110AID","3469","491004",,"pavonarribacomuna@yahoo.com",
"0601","Pedro Gómez Cello",3,"Santa Fe","Comuna","06","San Justo","Zona urbana S/N","S3054XAD","3483","491020",,"comunapgcello@hotmail.com",
"1606","Pérez",4,"Rosario","Municipalidad","16","Rosario","Sarmiento 1198 ",2121,"341","4951112",,"municipalidad@perezciudad.gob.ar",
"1910","Peyrano",4,"Rosario","Comuna","19","Constitución","Av. Centenario 1070 ","S2113ABT","3460","470101",470331,"comuna.peyrano@gmail.com",
"1216","Piamonte",4,"Rosario","Comuna","12","San Martín","Rivadavia 899 ","S2529AUG","3401","455143",,"comunadepiamonte@gmail.com",
"0920","Pilar",3,"Santa Fe","Comuna","09","Las Colonias","25 de Mayo 1446 ",3085,"3404","470028",470246,"comuna@pilar-sfe.com.ar",
"1610","Piñero",4,"Rosario","Comuna","16","Rosario","Sara P. Pacheco 210 ",2119,"3402","461151",461735,"comunadepiniero@hotmail.com",
"0710","Portugalete",2,"Rafaela","Comuna","07","San Cristóbal","Zona Rural ","S3071XAB","3401","470143",,"comunadeportugalete@gmail.com",
"0104","Pozo Borrado",2,"Rafaela","Comuna","01","Nueve de Julio","General Paz S/N ","S3067ARA","3491","497068",497036,"comunapb@gmail.com",
"0823","Presidente Roca",2,"Rafaela","Comuna","08","Castellanos","Presbítero Pedro Torres S/N ","S2301XAD","3492","485030",,"comunapresidenteroca@arnet.com.ar",
"0909","Progreso",3,"Santa Fe","Comuna","09","Las Colonias","Esperanza 55 ","S3023AKA","3497","488193",488032,"comunadeprogreso@yahoo.com.ar",
"0906","Providencia",3,"Santa Fe","Comuna","09","Las Colonias","Nuestra Señora de los Dolores 695 ",3025,"3497","492004",,"comunadeprovidencia@yahoo.com.ar",
"1625","Pueblo Esther",4,"Rosario","Comuna","16","Rosario","Juan D. Perón 1835 ",2126,"3402","499049",499422,"contacto@puebloesther.gob.ar",
"0818","Pueblo Marini",2,"Rafaela","Comuna","08","Castellanos","Zona urbana S/N","S2301XAE","3471","499099",,"comunamarini@hotmail.com",
"1612","Pueblo Muñoz",4,"Rosario","Comuna","16","Rosario","Belgrano 397 ","S2120AHA","3469","492000",,"comunapm@gmail.com",
"1502","Puerto General San Martín",4,"Rosario","Municipalidad","15","San Lorenzo","Alberdi 101 ","S2202BXC","3476","422420",424613,"intendente@mpgsm.gov.ar","www.mpgsm.gov.ar"
"1512","Pujato",4,"Rosario","Comuna","15","San Lorenzo","Lisandro de la Torre 596 ",2123,"3464","494030",494239,"comuna_pujato@dat1.net.ar",
"0925","Pujato Norte",3,"Santa Fe","Comuna","09","Las Colonias","Ruta 6 Km. 59 - Zona Rural ","S3080XAF","3496","423142",,"comunapujato@mevran.com.ar",
"0824","Rafaela",2,"Rafaela","Municipalidad","08","Castellanos","Moreno 8 ","S2300ICB","3471","422008",,"municipalidad@rafaela.gov.ar","www.rafaela.gov.ar"
"0610","Ramayón",3,"Santa Fe","Comuna","06","San Justo","Bv. Estanislao López S / N ",3042,"3498","497019",,"ramayon@chsistemas.com.ar",
"0819","Ramona",2,"Rafaela","Comuna","08","Castellanos","Belgrano y Mariano Moreno ",2301,"3402","491584",,"comunaramona@interclass.com.ar",
"0320","Reconquista",1,"Reconquista","Municipalidad","03","General Obligado","San Martín 1077 ","S3560GUU","3406","471113",,"intendente@reconquista.gov.ar","www.reconquista.gov.ar"
"1010","Recreo",3,"Santa Fe","Municipalidad","10","La Capital","Av. Bartolomé Mitre 1211 ","S3018AGM","342","4960094",,"municipio-recreo@municipio-recreo.gov.ar","www.municipio-recreo.gov.ar"
"1506","Ricardone",4,"Rosario","Comuna","15","San Lorenzo","Bv. Cafferata 1038 ","S2201AJX","3476","492208",492018,"comunadericardone@arnet.com.ar",
"0914","Rivadavia",3,"Santa Fe","Comuna","09","Las Colonias","Zona Rural ","S3081XAC","3496","420337",,"comunaderivadavia@gmail.com",
"1511","Roldán",4,"Rosario","Municipalidad","15","San Lorenzo","Sargento Cabral Nº 48 ",2134,"341","4961500",,"intendencia@roldan.gov.ar","www.roldan.gov.ar"
"0401","Romang",1,"Reconquista","Comuna","04","San Javier","Simón de Iriondo 789 ","S3555CJM","3482","496200",496300,"comuna@romang.gov.ar",
"1603","Rosario",4,"Rosario","Municipalidad","16","Rosario","Buenos Aires 711 ","S2000CEB","341","4802222",4802440,"contactoweb@rosario.gov.ar","www.rosario.gov.ar"
"1915","Rueda",4,"Rosario","Comuna","19","Constitución","Dr. Pedro Rueda 502 ","S2923AJA","3400","496020",496084,"comunarueda@steel.com.ar",
"1727","Rufino",5,"Venado Tuerto","Municipalidad","17","General López","Italia 127 ","S6100CYC","3382","428460",,"prensa@rufino.gob.ar","www.rufino.gob.ar"
"0932","Sa Pereira",3,"Santa Fe","Comuna","09","Las Colonias","9 de Julio 286 ","S3011ABF","3404","494044",494186,"comunasape@yahoo.com.ar",
"0829","Saguier (Estación)",2,"Rafaela","Comuna","08","Castellanos","Santa Fe 648 ",2301,"3402","493016",,"comunadesaguier@yahoo.com.ar",
"0506","Saladero Mariano Cabal",3,"Santa Fe","Comuna","05","Garay","Héctor L. Genero S/N ","S3001XAX","3405","424846",,"saladeromarianocabal@myc-santafe.gov.ar",
"1408","Salto Grande",4,"Rosario","Comuna","14","Iriondo","Av. Belgrano 363 ",2142,"3476","494415",494256,"comuna@saltogrande.gob.ar",
"0929","San Agustín",3,"Santa Fe","Comuna","09","Las Colonias","Brigadier López 1388 ",3017,"342","4907017",4907060,"comunasanagustin@arnet.com.ar",
"0830","San Antonio (Pueblo)",2,"Rafaela","Comuna","08","Castellanos","San Juan S/N ",2301,"3471","492001",,"comunasanantonio@mmc.digital.com.ar",
"0306","San Antonio de Obligado",1,"Reconquista","Comuna","03","General Obligado","Zona urbana S/N","S3587XAA","3562","478229",,"comunasanantonio@ltnet.com.ar",
"0103","San Bernardo",2,"Rafaela","Comuna","01","Nueve de Julio","Ruta Nº 95 Km 844 ","S3061XAL","3400","493160",,"sanbernardo9dejulio@gmail.com",
"0613","San Bernardo",3,"Santa Fe","Comuna","06","San Justo","Zona urbana S/N","S3048XAB","3498","423034",,"sanbernardo@hotmail.com",
"0935","San Carlos Centro",3,"Santa Fe","Municipalidad","09","Las Colonias","Tomás Lubary 452 ","S3013BOJ","3404","420677",420021,"musancc@scarlos.com.ar","www.sancarloscentro.gov.ar"
"0930","San Carlos Norte",3,"Santa Fe","Comuna","09","Las Colonias","Carlos Beck Bernard 417 ","S3010AIH","3404","456044",456137,"comunasancarlosnorte@hotmail.com.ar",
"0937","San Carlos Sud",3,"Santa Fe","Comuna","09","Las Colonias","9 de Julio 626 ","S3017ADF","3404","420189",421213,"comunasud@scarlos.com.ar",
"0708","San Cristóbal",2,"Rafaela","Municipalidad","07","San Cristóbal","Av. de los Trabajadores Ferroviarios 1425 ","S3070ALT","341","4943050",,"gobiernomunisancri@cisc.net.ar","www.munisancristobal.com.ar"
"1716","San Eduardo",5,"Venado Tuerto","Comuna","17","General López","Sarmiento 261 ",2615,"3462","482010",482222,"comuna@saneduardocoop.com.ar",
"1109","San Eugenio",3,"Santa Fe","Comuna","11","San Jerónimo","Zona urbana S/N","S2256AOA","3404","482798",,"comunasaneugenio@live.com.ar",
"1111","San Fabián",3,"Santa Fe","Comuna","11","San Jerónimo","9 de Julio 353 ","S2243ABC","3466","492085",,"comunasanfabian@yahoo.com.ar",
"1714","San Francisco de Santa Fe",5,"Venado Tuerto","Comuna","17","General López","San Martín 494 ",2601,"3462","481020",,"comunadesanfrancisco@yahoo.com.ar",
"1121","San Genaro",4,"Rosario","Municipalidad","11","San Jerónimo","San Martín 795 y Juan Lazarte 1394 ",2146,"3401","448491",448230,"info@sangenaro.gov.ar","www.sangenaro.gov.ar"
"1724","San Gregorio",5,"Venado Tuerto","Comuna","17","General López","Josefina de Alvear 463 ",2613,"3382","470040",470140,"comunasg@sangregorio.com.ar","www.sangregorio.gov.ar"
"0716","San Guillermo",2,"Rafaela","Comuna","07","San Cristóbal","General López 385 ",2347,"3464","493410",,"admcomuna@sanguillermo.com.ar",
"0404","San Javier",3,"Santa Fe","Municipalidad","04","San Javier","Alvear 2178 ","S3005ADD","3405","420434",424706,"privadaintendencia@sanjavier.gob.ar","www.sanjavierciudad.com.ar"
"0931","San Jerónimo del Sauce",3,"Santa Fe","Comuna","09","Las Colonias","San José 715 ","S3012AIM","3404","495017",495213,"comunasjs@sjncable.com.ar",
"0923","San Jerónimo Norte",3,"Santa Fe","Comuna","09","Las Colonias","San Martín 560 ","S3015AQJ","3404","460251",460520,"sjno@pilar-sfe.com.ar",
"1510","San Jerónimo Sud",4,"Rosario","Comuna","15","San Lorenzo","Bv. José de San Martín 185 ","S2136AGB","341","4909001",,"administración@sanjeronimosud.gov.ar",
"1208","San Jorge",2,"Rafaela","Municipalidad","12","San Martín","Av. Alberdi 1181 ","S2452AJH","3406","440127",440405,"info@sanjorge.gob.ar","www.sanjorge.gob.ar"
"0928","San José (Colonia)",3,"Santa Fe","Comuna","09","Las Colonias","Zona Rural ",3016,"342","4990001",,"comunacoloniasanjose@yahoo.com.ar",
"1802","San José de la Esquina",4,"Rosario","Comuna","18","Caseros","Rivadavia 434 ","S2185CKJ","3467","561015",,"comunasanjose@idi.com.ar",
"1016","San José del Rincón",3,"Santa Fe","Municipalidad","10","La Capital","Juan de Garay 2519 ",3089,"342","4971707",,"comunadesanjosedelrincon@hotmail.com",
"0611","San Justo",3,"Santa Fe","Municipalidad","06","San Justo","Independencia 2525 ","S3040CKK","3498","429066",425500,"intendencia@sanjusto.gov.ar","www.sanjusto.gov.ar"
"1503","San Lorenzo",4,"Rosario","Municipalidad","15","San Lorenzo","Bv. Urquiza 517 ","S2200AAE","3476","438900",438911,"municipalidad@mail.sanlorenzo.gov.ar","www.sanlorenzo.gov.ar"
"0933","San Mariano",3,"Santa Fe","Comuna","09","Las Colonias","1º de Mayo S/N ","S3011XAA","3404","452015",452050,"comunasmariano@hotmail.com",
"1204","San Martín de las Escobas",2,"Rafaela","Comuna","12","San Martín","Urquiza 946 ","S2449AUJ","3406","498238",498242,"comunasme@sme.com.ar",
"0604","San Martín Norte",3,"Santa Fe","Comuna","06","San Justo","Fray Bernardo Arana S/N ","S3045XAD","3498","471023",471063,"comunasanmartin@lenet.com.ar",
"0846","San Vicente",2,"Rafaela","Comuna","08","Castellanos","Bv. Sarmiento 160 ",2447,"3492","470322",470622,"secretariadegobierno3@gmail.com",
"1726","Sancti Spíritu",5,"Venado Tuerto","Comuna","17","General López","Sarmiento 98 ",2617,"3462","444008",444343,"comunasancti@coopsancti.com.ar",
"1806","Sanford",4,"Rosario","Comuna","18","Caseros","Bv. Dr. Juan D´Aloisio 550 ",2174,"3464","496399",,"comunasanford@dat1.net.ar",
"0934","Santa Clara de Buena Vista",3,"Santa Fe","Comuna","09","Las Colonias","Córdoba 548 ","S2258AFL","3404","493123",,"comunaclara@cablenettv.com.ar",
"0831","Santa Clara de Saguier",2,"Rafaela","Comuna","08","Castellanos","Santa Clara de Asís 66 ","S2405BOB","3401","497031",,"comunastaclara@hotmail.com",
"1011","Santa Fe",3,"Santa Fe","Municipalidad","10","La Capital","Salta 2948 ","S3000CMK","342","4571696",4571697,"intendente@santafeciudad.gov.ar","www.santafeciudad.gov.ar"
"1718","Santa Isabel",5,"Venado Tuerto","Comuna","17","General López","José Ingenieros 942 ",2605,"3462","490400",490035,"comunasi@red-belgrano.com.ar",
"0111","Santa Margarita",2,"Rafaela","Comuna","01","Nueve de Julio","Fray Mamerto Esquiu S/N ",3061,"3491","483037",483042,"comunasantamargarita@arnet.com.ar",
"0921","Santa María Centro",3,"Santa Fe","Comuna","09","Las Colonias","Zona Rural ","S3011XAB","3404","453799",,"smariacentro@pilar-sfe.com.ar",
"0922","Santa María Norte",3,"Santa Fe","Comuna","09","Las Colonias","Zona Rural ","S3011XAB","3404","453020",,"comunasmn@mcalsjn.com.ar",
"0503","Santa Rosa de Calchines",3,"Santa Fe","Comuna","05","Garay","Fray Antonio Rossi 538 ","S3022AJL","342","4908022",4908170,"gobiernodesantarosa@hotmail.com",
"1906","Santa Teresa",4,"Rosario","Comuna","19","Constitución","San Martín 551 ","S2111ARK","3460","420001",,"comunasantateresa@outlook.com",
"0908","Santo Domingo",3,"Santa Fe","Comuna","09","Las Colonias","Av. Américas 357 ","S3025XAA","3497","498134",498011,"comunasd@gmail.com",
"1012","Santo Tomé",3,"Santa Fe","Municipalidad","10","La Capital","Iriondo 1649 ",3016,"342","4744007",4753073,"intendencia@santotome.gov.ar","www.santotome.gov.ar"
"0709","Santurce",2,"Rafaela","Comuna","07","San Cristóbal","Zona urbana S/N","S3074XAF","3476","491091",,"comunasanturce@yahoo.com.ar",
"1909","Sargento Cabral",4,"Rosario","Comuna","19","Constitución","San Nicolás 271 ","S2106ALC","3460","491077",491018,"comunasgtocabral@ri.com.ar",
"0911","Sarmiento",3,"Santa Fe","Comuna","09","Las Colonias","Laprida 1298 ","S3024AJF","3497","497291",497037,"comunasarmiento@coopsarmiento.com.ar",
"1203","Sastre",2,"Rafaela","Municipalidad","12","San Martín","Colón 1802 ",2440,"3406","480090",480110,"munisastre@trynet.com.ar",
"1013","Sauce Viejo",3,"Santa Fe","Comuna","10","La Capital","Rivadavia 1164 ","S3034AJD","342","4950409",4950149,"comunadesauceviejo@ciudad.com.ar",
"1406","Serodino",4,"Rosario","Comuna","14","Iriondo","San Martín 627 ","S2216ASF","3476","490004",,"info@serodino.gov.ar",
"1607","Soldini",4,"Rosario","Comuna","16","Rosario","San Martín 1306 ",2107,"341","4901036",4901005,"comunadesoldini@yahoo.com.ar",
"0722","Soledad",2,"Rafaela","Comuna","07","San Cristóbal","Bv. Eva Perón S / N ",3025,"3471","495072",,"comunasoledad@sanjustosf.com.ar",
"0905","Soutomayor",3,"Santa Fe","Comuna","09","Las Colonias","Zona urbana S/N",3025,"3497","495993",,"soutomayor@myc-santafe.gob.ar",
"0726","Suardi",2,"Rafaela","Comuna","07","San Cristóbal","1º de Mayo 364 ","S2349AAB","3562","477112",477199,"comunasuardi@suardi.com.ar",
"0811","Sunchales",2,"Rafaela","Municipalidad","08","Castellanos","Av. Belgrano 103 ","S2322ATA","3493","425500",42061,"comunicacion@sunchales.gov.ar","www.sunchales.gov.ar"
"0827","Susana",2,"Rafaela","Comuna","08","Castellanos","Zona urbana S/N",2301,"3402","461151",,"comunadesusana@wilnet.com.ar",
"0307","Tacuarendí",1,"Reconquista","Comuna","03","General Obligado","Calle 5 y 8 ",3587,"3562","465006",,"comuna.tacuarendi@ltnet.com.ar",
"0805","Tacural",2,"Rafaela","Comuna","08","Castellanos","Belgrano 512 ","S2324AKJ","3402","499049",,"comunatacural@cooptacural.com.ar",
"0806","Tacurales (Colonia)",2,"Rafaela","Comuna","08","Castellanos","Zona urbana S/N","S2324XAA","3493","492349",492533,"comunatacurales@cooptacural.com.ar",
"0213","Tartagal",1,"Reconquista","Comuna","02","Vera","Zona urbana S/N","S3565XAG","3492","484512",,"comunatartagal@hotmail.com",
"1723","Teodelina",5,"Venado Tuerto","Comuna","17","General López","José María Moreno 306 ",6009,"3462","440201",,"muniteo@xline.com.ar",
"1917","Theobald",4,"Rosario","Comuna","19","Constitución","Av. Rosario S/N ","S2922AAA","3400","491831",491819,"comunatheobald@intercom.com.ar",
"1501","Timbúes",4,"Rosario","Comuna","15","San Lorenzo","Gaboto 553 ","S2204AGI","3476","495005",,"comunatimbues@gmail.com",
"0206","Toba",1,"Reconquista","Comuna","02","Vera","Zona urbana S/N","S3551XAR","3492","495169",,"comunatoba@hotmail.com",
"1305","Tortugas",4,"Rosario","Comuna","13","Belgrano","Bv. Celman 726 ",2512,"3471","494186",,"comutor@soon.com.ar",
"0105","Tostado",2,"Rafaela","Municipalidad","01","Nueve de Julio","Sarmiento 1145 ",3060,"3491","472817",470650,"municip@tostado.com.ar",
"1402","Totoras",4,"Rosario","Municipalidad","14","Iriondo","Arenales 984 ",2144,"3476","460040",,"intendente@totoras.gov.ar","www.totoras.gov.ar"
"1207","Traill",2,"Rafaela","Comuna","12","San Martín","Roberto Stiefel S/N ","S2456XAC","3400","496020",,"comunatraill@cablenet.com.ar",
"1622","Uranga",4,"Rosario","Comuna","16","Rosario","San Martín 678 ","S2112AUN","3469","490048",490207,"comdeuranga@ri.com.ar",
"1713","Venado Tuerto",5,"Venado Tuerto","Municipalidad","17","General López","San Martín 899 ","S2600KUQ","3462","421417",,"intendenciamvt@venadotuerto.gov.ar","www.venadotuerto.gov.ar"
"0202","Vera",1,"Reconquista","Municipalidad","02","Vera","Belgrano 1654 ","S3550ASP","3483","420717",420798,"municipalidad@municipalidadvera.com",
"0603","Vera y Pintado",3,"Santa Fe","Comuna","06","San Justo","Tucumán S/N ","S3054XAE","3498","496017",,"admcomunaveraypintado@lenet.com.ar",
"0615","Videla",3,"Santa Fe","Comuna","06","San Justo","Av. San Martín 415 ","S3048AZD","3498","490028",,"comunavidela@mutualsj.com.ar",
"0821","Vila",2,"Rafaela","Comuna","08","Castellanos","Centro Cívico S/N ",2306,"3492","493011",493018,"comunavila@gmail.com",
"1616","Villa Amelia",4,"Rosario","Comuna","16","Rosario","Saavedra 193 ",2101,"3402","492424",492217,"comunava@steel.com.ar",
"0309","Villa Ana",1,"Reconquista","Comuna","03","General Obligado","Uruguay y 25 de Mayo ",3589,"3482","494292",494293,"comunavillaana@hotmail.com",
"1719","Villa Cañás",5,"Venado Tuerto","Municipalidad","17","General López","Calle 53 Nº 454 ",2607,"3462","450201",450541,"info@muvc.gov.ar","www.muvc.gov.ar"
"1918","Villa Constitución",4,"Rosario","Municipalidad","19","Constitución","San Martín 1218 ","S2919GSS","3400","474435",474608,"intendencia@villaconstitucion.gov.ar","www.villaconstitucion.gov.ar"
"1412","Villa Eloísa",4,"Rosario","Comuna","14","Iriondo","Sarmiento 556 ","S2503BIJ","3471","491054",491600,"villaeloisa.nuestracomuna@gmail.com",
"1608","Villa Gobernador Gálvez",4,"Rosario","Municipalidad","16","Rosario","Ing. Mosconi 1541 ","S2124HOK","341","5185712",4926536,"municipalidadvgg_gobierno@hotmail.com","www.vggmunicipalidad.gov.ar"
"0304","Villa Guillermina",1,"Reconquista","Comuna","03","General Obligado","Menchaca y Rosario ",3589,"3482","475049",475053,"comunavg@ciudad.com.ar",
"0110","Villa Minetti",2,"Rafaela","Comuna","01","Nueve de Julio","9 de Julio 751 ","S3061ACE","3491","496022",496070,"comunavm@norfe.net.ar",
"1515","Villa Mugueta",4,"Rosario","Comuna","15","San Lorenzo","Zona urbana S/N","S2175ASB","3464","497125",,"comunavillamugueta@gmail.com",
"0308","Villa Ocampo",1,"Reconquista","Municipalidad","03","General Obligado","Padre Angel Tibaldo 1578 ","S3580BVT","3482","466300",466398,"municipalidad@vocampo.com.ar","www.municipalidadvo.gov.ar"
"0828","Villa San José",2,"Rafaela","Comuna","08","Castellanos","San Martín 311 ",2301,"341","4901036",,"comunavsanjose@arnet.com.ar",
"0707","Villa Saralegui",2,"Rafaela","Comuna","07","San Cristóbal","Zona urbana S/N","S3046XAF","3400","491831",,"comunadevillasaralegui@sanjustosf.com.ar",
"0714","Villa Trinidad",2,"Rafaela","Comuna","07","San Cristóbal","Falucho 538 ",2345,"3469","490048",,"comunavt@vtcc.com.ar",
"1809","Villada",4,"Rosario","Comuna","18","Caseros","Belgrano 647 ",2173,"3465","491014",491030,"comunadevillada@knett.com.ar",
"0801","Virginia",2,"Rafaela","Comuna","08","Castellanos","Valentina Maldonado y Av. San Martín ","S2311XAD","3402","492424",,"comunadevirginia@gmail.com",
"1722","Wheelwright",5,"Venado Tuerto","Comuna","17","General López","Rivadavia 339 ",2722,"2473","481016",481014,"comunawheel@wiscom.com.ar",
"1605","Zavalla",4,"Rosario","Comuna","16","Rosario","Sarmiento 3385 ","S2125BAK","341","4970144",4970038,"comunadezavalla@arnet.com.ar",
"0840","Zenón Pereyra",2,"Rafaela","Comuna","08","Castellanos","R. Rodolfo Prigioni 701 ",2409,"3564","492213",492253,"nuevacomunadezenonpereyra@hotmail.com",
